{"mae": 2619.66522, "r2": 0.07457803958418074}